name,st_id,bef0600,af0600,af0615,af0630,af0645,af0700,af0715,af0730,af0745,af0800,af0815,af0830,af0845,af0900,af0915,af0930,af0945,af1000,af1015,af1030,af1045,af1100,af1115,af1130,af1145,af1200
東京,1,294,185,1027,2152,5140,8888,15669,24780,34720,43479,33860,31370,20964,14140,8438,4656,4732,3612,2242,1977,919,1540,618,1303,903,6460
上野,2,474,1092,1151,2646,7351,12091,19420,20661,31690,33904,27982,17729,15507,10484,7365,4171,3241,1778,1478,1567,763,1662,1777,396,529,5118
尾久,3,0,63,0,22,62,105,239,69,670,449,27,500,332,165,0,0,0,0,0,30,165,0,0,0,0,274
赤羽,4,581,448,915,1969,4411,9301,9627,19210,21354,23111,16225,13626,7645,4800,4422,2692,2565,1428,2158,1097,775,1805,535,771,232,6110
日暮里,5,586,292,566,1413,3893,9168,11111,20935,21674,25885,18251,11966,9803,5682,5570,2674,1980,3431,2737,812,527,373,187,110,280,5470
三河島,6,60,0,0,0,263,590,75,98,256,502,148,109,30,80,35,36,214,0,0,0,0,0,0,0,0,68
南千住,7,55,0,0,46,292,363,602,1697,738,1472,711,408,350,415,214,132,0,64,164,193,437,0,0,0,0,137
北千住,8,2347,878,3188,3934,9694,16625,23666,32631,35597,33945,26471,18065,15256,10087,5357,2317,2916,1645,2271,1174,980,1113,645,418,328,5228
新日本橋,9,0,0,0,31,0,0,0,0,0,22,0,0,17,29,0,0,0,0,0,0,0,0,0,0,0,0
馬喰町,10,0,48,0,0,52,126,272,318,305,808,277,190,49,240,19,0,0,24,0,0,0,0,0,0,0,85
錦糸町,11,688,131,952,1444,2569,3651,5844,7904,10616,9723,9650,4882,5150,4324,2298,1489,654,412,333,448,576,292,57,61,396,1099
亀戸,12,478,167,100,517,1189,942,1457,2565,3662,2169,3519,1775,1139,2490,1440,800,344,434,0,287,114,292,56,23,52,968
平井,13,385,37,40,58,414,1092,1137,1784,2347,2002,2198,1797,1086,1514,745,106,73,49,524,159,0,0,0,106,121,372
新小岩,14,377,96,119,1799,2821,1923,5621,5827,7634,7945,5257,3217,2411,1842,698,1031,1979,254,314,345,171,122,0,64,96,640
小岩,15,245,0,553,1274,840,4752,5402,4810,5690,4692,3760,2616,1605,1661,1084,436,812,122,37,411,411,416,270,167,91,1670
八丁堀,16,140,30,147,120,475,839,1422,1433,1750,2799,2826,1936,1295,1165,1184,555,315,0,279,44,74,163,0,0,67,420
越中島,17,0,0,0,0,191,90,200,80,37,82,415,134,52,156,44,44,0,51,0,0,0,0,0,0,0,44
潮見,18,0,0,34,0,120,221,243,181,262,1074,656,295,147,103,150,0,0,0,0,0,0,52,0,0,0,96
新木場,19,112,95,311,1073,763,1692,2853,3844,6271,6493,6691,6195,5254,2953,2036,1054,455,358,303,225,0,149,86,115,469,2096
葛西臨海公園,20,0,43,255,140,97,205,555,1342,854,476,551,649,209,210,0,38,43,0,43,0,0,0,0,0,0,118
府中本町,21,121,294,586,292,917,1308,2462,3852,2817,2983,3171,1500,1124,1472,675,237,444,705,38,304,102,829,0,151,111,695
北府中,22,0,0,0,0,58,319,890,454,185,99,47,337,170,152,0,0,0,0,0,0,0,0,0,0,0,45
西国分寺,23,21,213,926,1005,1876,4340,6300,8937,9367,10081,8556,7623,4662,2128,2306,954,1094,2420,1528,627,289,204,272,0,272,2985
新小平,24,0,123,106,71,76,598,313,60,332,225,443,401,164,0,143,0,135,155,140,50,83,0,0,0,0,31
新秋津,25,194,219,202,517,1346,2607,3574,4651,4656,2859,1695,1970,895,732,509,582,561,67,128,0,419,128,0,0,0,1159
綾瀬,26,956,566,1145,3918,6298,9044,13264,18136,17167,13019,8271,5747,5898,3200,2039,2438,1861,947,2214,807,940,839,262,396,194,966
亀有,27,122,115,33,580,582,1294,2487,2872,2057,2016,766,1104,507,163,97,186,191,0,597,28,69,406,0,701,108,0
金町,28,616,206,184,658,2489,1971,5296,3369,2279,3083,2549,1512,607,760,914,586,731,0,321,0,861,54,149,195,132,210
八王子,29,200,724,1045,1472,4134,6689,8081,11320,12457,8431,9711,8464,2970,1910,2246,2207,2747,2125,1322,355,391,304,225,86,206,1514
北八王子,30,46,0,0,0,0,0,0,0,290,0,0,0,43,0,0,0,0,0,0,0,0,0,0,0,0,0
小宮,31,0,0,0,132,0,43,1364,1111,0,143,0,0,0,0,0,0,0,0,0,0,0,0,0,0,0,0
拝島,32,169,269,931,3260,4884,6690,10571,4938,4871,4418,3292,1150,1356,1397,880,1067,400,373,345,0,324,289,149,0,184,640
東福生,33,0,0,0,0,858,61,0,0,0,352,0,0,0,0,0,0,0,0,0,0,0,0,0,0,0,0
箱根ケ崎,34,0,0,0,435,279,263,82,0,0,0,0,0,96,0,0,0,0,0,0,0,0,0,0,0,0,0
西大井,35,0,0,0,62,41,1472,683,550,926,850,1394,445,276,0,177,278,0,212,0,0,0,0,0,395,118,18
大崎,36,122,155,133,41,506,1408,3662,4738,6715,8068,9947,8142,4415,3686,1767,1567,593,582,408,134,351,358,0,98,352,1289
恵比寿,37,24,113,63,222,373,1336,3856,4136,4323,6244,9205,5936,5326,4117,2354,2131,1280,434,343,157,67,283,28,453,125,439
渋谷,38,1169,956,695,3363,7992,18873,29127,46705,51179,53535,51706,37850,27483,22126,14427,10564,8257,9251,5604,3760,2133,2150,1815,1432,1343,17815
新宿,39,1115,969,1867,5001,14174,24872,44442,72975,75533,78154,71404,58654,40903,28478,29352,18909,15838,12521,9807,4549,3847,2978,2392,4915,2718,21684
池袋,40,1388,1063,2035,4817,12485,23779,37495,61289,69686,68436,54800,43812,33152,21524,17398,10747,8305,10360,8289,4912,2408,2764,3074,1739,1316,19023
板橋,41,0,0,45,1642,482,822,782,2343,3443,1381,1254,994,681,147,475,238,28,24,24,307,0,30,0,0,201,515
十条,42,138,53,0,142,295,566,857,1127,988,840,1344,732,403,208,70,84,0,89,0,0,0,0,0,0,0,421
北赤羽,43,18,0,439,492,225,679,382,2045,1834,1418,893,395,133,102,102,356,16,601,0,0,0,188,188,0,0,63
浮間舟渡,44,0,86,116,55,67,571,747,1364,1144,346,1674,315,97,279,67,0,25,33,0,0,0,0,0,0,123,29
神田,45,0,20,64,371,404,1985,2057,2582,3837,5382,5019,2906,2178,2281,1044,858,1213,242,239,428,74,0,92,618,0,1049
御茶ノ水,46,413,161,40,293,1625,4082,6768,7833,10733,14672,14111,11427,7586,7085,4609,3347,1723,2045,1458,684,1330,565,686,257,365,4731
水道橋,47,138,0,55,0,389,352,199,565,405,413,476,978,467,199,77,181,358,311,151,114,0,0,45,0,54,408
飯田橋,48,123,57,66,603,833,3397,3776,6718,12350,7735,5970,6624,4895,4817,2905,2231,966,1718,820,829,474,208,44,245,396,4599
市ケ谷,49,43,40,0,0,237,1145,1577,844,1241,2268,1781,1912,1638,662,416,449,208,305,0,896,61,25,19,34,25,267
四ツ谷,50,127,28,28,91,535,1891,3490,4307,4817,7970,9379,8432,7838,4593,2320,1366,1559,1316,1922,1664,966,251,286,109,36,1247
信濃町,51,0,0,0,0,31,0,0,122,0,73,28,176,80,0,0,0,0,34,0,0,0,0,0,0,0,0
千駄ケ谷,52,0,0,0,0,27,179,0,137,66,93,182,76,105,186,0,0,0,0,0,0,0,0,0,0,0,40
代々木,53,55,189,216,185,283,1026,1361,2129,4873,4080,3137,3918,2511,2578,1518,2360,833,402,631,370,29,91,297,189,137,415
大久保,54,31,0,116,187,86,93,309,186,638,729,1337,365,396,359,0,393,56,58,0,0,0,0,0,0,0,91
東中野,55,33,0,86,187,119,365,1218,2505,3623,1698,3242,3060,1411,765,239,630,429,238,31,263,54,106,53,0,21,464
中野,56,183,88,651,1735,2957,5816,7241,5742,10010,11570,9507,7247,5586,3690,2539,2907,2814,1515,496,1299,183,249,229,406,196,2514
高円寺,57,92,0,145,243,451,526,1315,4582,3156,2522,3505,2036,1267,1351,1195,796,663,732,241,0,0,62,55,0,33,390
阿佐ケ谷,58,108,89,160,271,1182,1183,2293,2119,4004,3159,4402,4012,1962,1417,1014,613,1066,808,132,79,0,198,135,85,47,1006
荻窪,59,109,186,81,917,1988,4150,6851,10157,8910,5750,5509,3236,3618,3044,2646,1118,1854,1300,594,941,62,186,60,91,230,1810
西荻窪,60,0,167,63,280,1408,2040,2998,4051,3869,3598,3286,2678,1393,1568,763,796,367,529,451,526,88,55,0,0,0,689
吉祥寺,61,143,0,870,604,2369,4195,7429,10116,11186,8910,7567,5708,3091,2336,2267,1663,1003,1281,1632,265,231,553,162,579,118,3070
三鷹,62,85,205,299,1112,3692,3555,5998,9069,10770,7333,4985,3580,2756,1541,735,643,551,789,1002,186,158,438,117,0,425,2124
武蔵境,63,171,254,435,1745,2354,2004,4275,6909,5270,5752,5329,3634,1166,2413,1570,584,527,427,1061,83,264,161,289,521,359,449
東小金井,64,21,85,247,745,818,1271,2854,2074,1784,1402,1231,904,617,1025,381,0,356,834,85,49,0,43,0,686,0,610
武蔵小金井,65,0,183,654,1772,1462,2878,2987,3487,5093,3324,2562,2279,1209,920,736,377,419,2118,546,69,151,135,0,0,0,920
国分寺,66,229,271,1370,2277,1997,6250,9322,8913,7530,11051,10864,4172,2518,1943,1262,898,690,1948,483,360,662,459,849,0,429,1852
国立,67,190,505,564,653,1497,4403,4125,3666,2676,3877,2163,864,1137,527,282,545,183,204,255,318,232,221,259,77,291,1410
立川,68,238,855,2842,3580,6970,11920,15222,18122,14157,13668,10730,5114,4024,2541,2130,1631,1857,2289,1143,351,1070,509,415,400,899,4235
日野,69,75,109,580,963,817,769,842,1716,1023,1085,649,516,0,628,59,58,58,36,73,39,0,60,122,0,34,298
豊田,70,59,395,384,599,961,1752,2632,3875,1885,722,681,658,402,131,316,530,361,359,717,0,0,303,343,0,0,402
西八王子,71,72,389,738,627,1227,3957,2153,1976,1679,1005,2074,922,371,0,44,437,245,0,0,0,0,0,0,106,0,346
高尾,72,654,697,1375,2557,2204,1697,3413,3553,2363,1951,2304,3713,3297,735,625,306,507,1102,473,80,267,32,0,0,0,158
両国,73,0,32,83,203,250,500,351,1205,1529,930,961,1301,399,0,50,237,104,62,56,47,47,0,0,163,163,184
浅草橋,74,102,0,119,113,496,984,1299,2827,2850,2287,2139,2079,1034,1328,453,261,138,192,116,45,0,58,0,19,525,648
秋葉原,75,1317,542,666,2961,5068,12021,13815,20513,24528,30311,26800,21045,13236,12706,6339,5120,2423,4155,1190,1907,1142,349,1535,683,191,6545
西立川,76,0,21,120,38,13,897,168,477,142,75,101,241,77,0,0,0,0,0,0,0,0,0,0,28,28,0
東中神,77,64,40,90,119,437,327,348,1585,170,886,506,64,55,283,0,454,34,0,0,605,0,0,0,0,0,333
中神,78,0,243,286,80,725,615,804,1470,793,714,449,78,248,193,0,71,0,0,0,0,0,0,0,0,0,37
昭島,79,36,375,349,1034,1461,1407,1095,1374,1506,1363,531,94,338,634,407,89,166,39,0,0,0,0,0,16,0,76
牛浜,80,0,42,215,386,202,232,282,544,406,147,428,243,305,0,0,696,0,0,0,0,0,0,0,0,0,0
福生,81,0,329,41,497,408,832,2118,1008,716,1701,546,0,0,73,3013,0,149,149,0,0,0,0,0,0,0,0
羽村,82,85,136,150,871,453,854,813,585,2006,1721,0,1342,137,0,0,970,970,0,0,133,0,0,0,0,0,623
小作,83,48,201,717,771,679,1520,455,754,415,417,50,89,0,91,138,0,255,0,0,0,0,0,0,0,0,364
河辺,84,182,318,765,714,601,2474,722,793,996,317,77,100,0,69,0,174,0,0,0,0,0,0,0,0,0,152
東青梅,85,87,0,701,434,1517,400,1101,270,192,427,65,0,0,0,0,0,48,0,0,274,0,0,100,0,0,742
青梅,86,84,47,593,858,550,152,467,472,679,27,3693,0,277,0,0,0,0,0,0,0,0,0,0,0,0,57
宮ノ平,87,8,0,0,0,0,0,153,169,16,0,0,0,277,0,0,0,0,0,0,0,0,0,0,0,0,0
日向和田,88,0,0,0,184,22,62,0,0,0,0,0,0,61,0,0,0,0,0,0,0,0,0,0,0,0,0
石神前,89,0,0,31,31,0,0,0,0,0,0,0,0,0,0,0,0,0,0,0,0,0,0,0,0,0,0
二俣尾,90,0,0,0,0,0,0,0,0,0,0,0,0,0,0,0,0,0,0,0,0,0,0,0,0,0,0
軍畑,91,0,37,0,0,0,0,0,0,0,0,0,0,0,0,0,0,0,0,0,0,0,0,0,0,0,0
沢井,92,0,0,0,0,0,0,0,0,0,0,0,0,0,0,0,0,0,0,0,0,0,0,0,0,0,0
御嶽,93,0,0,0,0,0,0,0,0,0,0,0,0,0,0,0,0,0,0,0,0,0,0,0,0,0,0
川井,94,0,0,0,0,0,0,0,0,0,0,0,0,0,0,0,0,0,0,0,0,0,0,0,0,0,0
古里,95,0,0,0,5,0,0,60,0,0,0,0,0,0,0,0,0,0,0,0,0,0,0,0,0,0,0
鳩ノ巣,96,0,0,0,0,0,0,0,0,0,0,0,0,0,0,0,0,0,0,0,0,0,0,0,0,0,0
白丸,97,0,0,0,0,0,0,0,0,0,0,0,0,0,0,0,0,0,0,0,0,0,0,0,0,0,0
奥多摩,98,0,0,0,0,0,58,0,0,0,0,0,0,0,0,0,0,0,0,0,0,0,0,0,0,0,0
熊川,99,0,0,0,0,0,39,58,136,271,196,64,0,166,0,0,0,0,0,0,0,140,0,0,0,0,0
東秋留,100,39,0,205,0,346,833,314,442,391,79,180,446,316,0,0,0,0,0,0,0,0,0,0,0,0,43
秋川,101,0,0,47,0,384,240,274,569,231,0,0,0,0,149,0,0,118,0,0,0,149,149,0,0,0,67
武蔵引田,102,0,79,107,154,32,72,0,0,0,0,102,102,0,0,0,0,0,0,0,0,0,0,0,184,0,0
武蔵増戸,103,43,937,937,599,4417,0,481,240,0,114,0,0,0,82,82,0,78,0,184,184,0,0,0,0,0,0
武蔵五日市,104,0,65,116,233,50,83,83,138,0,0,127,52,0,102,0,0,0,0,0,0,0,0,0,0,0,199
品川,105,301,831,624,1202,3912,7068,12125,20877,23368,34414,26494,19116,12490,11120,7520,4321,2206,1728,1962,1145,856,591,1019,538,557,5010
田町,106,60,0,22,194,69,833,794,1007,711,1457,1245,217,952,192,198,271,94,0,28,46,17,0,0,0,0,556
浜松町,107,206,302,777,1008,1749,1879,2248,3463,3908,5218,4261,4225,1924,2190,1316,819,490,262,180,94,10,804,322,304,25,1213
新橋,108,76,263,519,804,1197,2236,4447,5315,10186,11786,10891,10343,7756,4846,3131,2242,1085,681,1313,811,399,351,81,267,63,915
有楽町,109,135,145,327,668,1205,2245,4170,6658,8864,10407,9654,7781,5408,4255,2661,1645,1609,931,542,483,108,216,61,88,0,792
御徒町,110,36,29,61,71,167,393,501,977,769,1232,825,644,275,131,89,0,12,107,60,15,0,92,92,31,33,123
鶯谷,111,129,56,28,164,11,212,338,919,749,940,621,806,376,20,0,307,153,164,54,50,0,0,0,0,0,796
西日暮里,112,462,35,527,456,1426,3051,3286,6806,7080,8673,11615,7223,5150,2686,2730,2995,1110,327,422,874,284,713,232,292,149,904
田端,113,336,29,111,244,1148,3772,5510,6077,5460,7490,4985,3238,2991,2555,1455,457,150,279,557,235,268,107,0,12,116,2038
駒込,114,156,0,52,221,466,965,1280,1790,2119,2603,2447,2442,1233,591,882,543,239,385,78,146,0,0,156,31,0,856
巣鴨,115,22,42,75,361,1154,3210,3563,4426,3630,4898,4633,4095,1658,1009,875,849,411,689,493,1416,409,109,112,510,168,1515
大塚,116,92,76,28,440,299,267,618,818,1395,2220,2198,1882,1187,246,191,516,298,330,282,26,0,327,98,75,0,258
目白,117,22,28,42,71,211,297,719,1092,2075,1096,1347,994,791,682,998,307,292,505,49,172,23,23,0,0,37,355
高田馬場,118,409,366,979,1646,3883,7008,11829,14300,18551,18186,12110,9684,7303,4712,3560,2033,1354,2442,1405,1832,729,192,626,1144,373,4016
新大久保,119,60,0,0,0,67,179,362,449,1601,1281,1071,467,79,119,18,40,111,111,28,0,0,41,41,0,0,0
原宿,120,0,0,0,0,0,84,83,670,317,860,323,310,99,83,137,90,0,0,0,0,0,0,0,0,0,156
目黒,121,337,340,247,780,1558,4282,5283,8293,8044,10577,11516,8609,6239,5160,4117,2942,1847,1181,1039,846,1110,337,498,587,176,1687
五反田,122,237,78,156,314,813,1328,3094,4977,10233,7760,8427,6151,3342,2730,2251,2073,490,203,328,572,242,316,168,62,52,2998
東十条,123,91,0,286,887,323,675,803,1912,1038,1702,1679,160,712,482,260,215,0,0,143,377,0,0,0,0,0,99
王子,124,105,104,244,719,1723,2522,4494,4529,5129,6988,4854,5102,2278,973,357,574,319,302,281,121,92,43,0,344,0,1353
上中里,125,0,0,32,247,0,227,671,368,348,434,195,157,0,43,34,0,0,0,0,0,0,0,0,0,0,0
大井町,126,410,194,417,568,1990,4697,6275,6840,9024,10363,9914,7980,5083,3778,3449,2083,1238,494,682,485,84,43,338,285,0,2178
大森,127,316,243,404,762,1597,2605,4231,2810,4382,5131,4889,2235,2869,1271,1180,1024,364,394,98,80,58,96,279,0,28,717
蒲田,128,274,139,491,1055,2416,3181,6176,11467,11738,11123,8671,5926,3340,2257,1211,1486,1088,255,246,549,313,214,373,200,198,3272
矢野口,129,70,0,68,0,393,631,236,486,466,631,38,204,251,62,113,0,0,126,0,0,0,0,0,52,52,113
稲城長沼,130,0,79,87,64,424,244,1283,1155,477,772,255,283,154,0,266,0,0,45,0,0,0,0,0,0,0,231
南多摩,131,0,0,98,63,187,429,461,304,113,121,0,0,37,0,22,32,0,0,0,0,0,0,0,0,0,251
分倍河原,132,157,57,248,468,1126,2222,3457,5733,4682,1982,2832,1166,988,2064,425,430,435,424,280,141,146,399,0,240,0,445
西府,133,0,0,0,0,0,0,0,0,0,0,0,0,0,0,0,0,0,0,0,0,0,0,0,0,0,0
谷保,134,0,63,0,39,82,702,582,649,310,343,442,92,0,0,280,400,0,0,0,63,150,0,0,0,0,0
矢川,135,0,0,157,183,332,376,880,282,231,0,82,77,77,0,0,0,32,0,0,0,0,0,0,0,0,46
西国立,136,0,0,109,53,102,626,296,1122,331,263,468,46,0,106,159,0,0,0,0,0,0,0,0,0,0,0
成瀬,137,0,183,294,611,619,1688,498,1230,1345,226,408,721,306,344,106,170,138,0,80,0,0,0,0,0,0,401
町田,138,305,1005,1810,2843,6204,7095,9262,12243,10081,8215,6916,3588,3899,1137,1846,2490,945,1234,1174,280,897,235,479,854,539,3694
相原,139,0,162,34,251,397,482,1238,1005,442,899,268,85,38,117,177,56,0,0,0,0,0,0,0,0,0,27
八王子みなみ野,140,57,117,129,23,626,464,331,256,332,420,1415,173,106,0,639,58,0,0,20,0,0,0,73,0,0,17
片倉,141,0,104,91,49,275,65,383,215,348,297,387,101,101,0,79,75,0,0,0,0,0,0,0,0,0,0
浅草,142,54,164,196,209,843,1136,981,1274,2203,3867,1646,1287,839,242,594,182,515,142,36,28,16,38,0,0,0,743
とうきょうスカイツリー,143,0,0,0,0,26,0,0,0,0,29,58,0,0,0,0,0,0,0,0,0,0,0,0,0,0,0
曳舟,144,0,0,30,97,292,805,823,951,1570,1534,1149,535,689,348,270,0,200,82,0,28,0,29,23,58,31,595
東向島,145,75,0,0,0,39,39,145,154,565,602,245,186,0,0,0,0,0,0,0,0,0,0,0,0,0,0
鐘ケ淵,146,43,0,48,45,100,121,362,137,26,79,71,192,0,0,0,0,0,0,0,29,0,0,0,0,0,191
堀切,147,0,0,0,0,0,0,28,0,272,0,122,0,0,0,0,0,0,0,0,0,0,0,0,0,0,0
牛田,148,0,0,0,33,330,390,137,332,167,147,517,35,65,0,236,0,0,0,0,0,0,0,0,0,0,0
小菅,149,0,222,0,35,0,23,86,147,21,292,21,181,131,63,0,0,0,0,0,0,0,0,0,0,0,0
五反野,150,196,61,324,583,405,645,2103,2046,1486,1227,1007,541,339,267,115,22,130,126,0,0,0,0,58,0,0,446
梅島,151,34,62,19,239,88,637,829,496,797,386,497,409,407,0,0,27,108,0,0,0,0,0,223,0,0,178
西新井,152,257,142,450,1358,2062,2579,4522,4374,4244,2811,2143,1059,819,655,611,820,542,148,0,51,0,100,0,0,239,665
竹ノ塚,153,538,392,246,1374,2817,3821,3450,2305,3196,2324,2501,1054,565,546,145,163,69,236,255,66,13,64,32,0,243,139
押上,154,894,247,488,1297,3047,5748,6128,11163,13565,14463,14432,8560,5510,6235,2366,1959,1819,718,444,147,221,244,114,0,58,3564
小村井,155,0,0,0,54,194,52,138,316,225,0,99,104,64,33,0,36,0,0,0,0,0,0,0,0,31,0
東あずま,156,109,0,16,137,67,54,171,189,259,197,193,24,99,168,69,0,36,0,0,0,0,0,0,0,0,139
亀戸水神,157,0,0,0,49,0,0,0,23,58,0,20,0,136,0,0,0,0,0,0,0,0,0,0,0,0,0
大師前,158,0,92,92,81,224,266,697,1180,576,483,140,24,132,101,227,227,0,0,0,0,0,0,0,0,0,109
北池袋,159,51,34,28,0,32,37,482,462,348,95,188,38,102,276,39,0,254,251,0,0,0,0,0,0,12,61
下板橋,160,20,0,0,54,37,19,15,213,327,250,183,419,153,185,27,92,0,36,36,0,0,15,0,0,0,59
大山,161,30,0,42,137,190,634,486,1244,776,2056,1275,1126,814,237,270,35,109,175,165,47,60,0,36,41,54,455
中板橋,162,14,0,20,114,179,375,757,1310,616,304,119,413,433,128,58,37,120,0,0,0,0,0,0,0,0,323
ときわ台,163,69,60,36,425,860,1029,1191,1904,2186,1723,1306,672,462,502,528,32,73,229,268,80,0,85,98,36,0,314
上板橋,164,120,0,316,455,552,1485,1860,2712,1319,1180,1707,974,490,318,215,159,240,281,328,229,128,82,0,56,21,436
東武練馬,165,373,48,28,542,290,1428,2171,2285,1572,1913,1138,899,726,400,102,12,196,58,0,30,15,0,0,14,13,135
下赤塚,166,0,59,13,0,76,98,457,601,303,121,485,570,19,230,0,0,138,0,49,121,79,0,0,0,0,30
成増,167,16,70,168,311,1228,1520,2886,2479,2475,2204,1004,1352,644,801,510,293,422,19,258,48,10,42,141,154,492,1443
椎名町,168,61,0,0,98,66,232,555,365,904,1086,195,478,253,124,75,46,0,0,62,168,0,0,0,0,43,84
東長崎,169,19,0,21,57,410,993,664,1419,1463,1308,662,576,452,325,21,0,82,146,148,161,0,0,60,0,0,155
江古田,170,141,18,20,34,173,668,513,694,2318,1333,559,1426,274,759,336,110,20,20,0,0,75,57,0,0,0,165
桜台,171,28,0,223,0,146,320,335,1409,1059,819,650,505,146,234,51,138,194,32,0,0,0,73,0,0,20,58
練馬,172,144,120,695,755,1859,2902,4814,8294,8287,8177,5500,4135,2963,1787,1478,1122,1618,1949,339,135,230,360,98,67,86,954
中村橋,173,0,32,61,83,210,676,337,777,919,445,501,310,285,239,118,203,0,34,0,0,0,0,0,0,0,57
富士見台,174,13,11,60,889,631,1619,1029,1001,1567,440,218,446,172,145,112,220,1173,48,121,61,0,33,79,94,0,35
練馬高野台,175,0,0,26,118,148,359,555,589,794,450,1120,292,298,240,0,0,39,0,26,100,0,0,0,0,0,0
石神井公園,176,147,0,275,399,1182,898,3527,3416,2764,1969,1876,1379,1048,781,454,362,155,135,126,160,115,150,0,0,125,797
大泉学園,177,58,69,194,285,1251,3313,3810,3428,2704,1994,1929,2435,1385,589,834,353,404,47,75,35,10,119,55,9,0,814
保谷,178,101,280,582,596,888,1819,4349,3715,2592,2116,1155,904,547,369,325,137,333,50,18,0,8,63,0,76,0,332
ひばりケ丘,179,133,139,509,764,1323,1878,3824,4046,4030,2049,1992,1117,674,301,403,266,229,90,153,49,60,0,137,38,14,260
東久留米,180,95,87,317,775,2213,3905,4247,3703,2469,1193,958,1213,587,153,180,98,36,40,19,40,10,0,0,0,49,89
清瀬,181,97,196,551,1214,2064,1977,2399,3254,2430,2775,1940,1898,494,315,497,230,98,220,129,118,0,8,60,111,18,641
秋津,182,34,52,136,268,654,859,2135,2662,5049,2860,2319,1655,578,424,165,167,148,177,176,26,42,42,83,0,0,345
新桜台,183,0,0,0,26,0,51,71,34,54,132,37,202,17,0,0,0,0,0,0,0,0,0,0,0,0,0
小竹向原,184,35,73,25,186,395,713,1900,1582,1870,2037,1965,1639,670,1009,423,298,194,468,266,0,0,186,372,83,49,309
豊島園,185,0,120,107,27,69,460,923,680,229,421,160,189,221,204,24,0,13,0,0,11,0,0,0,0,0,177
西武新宿,186,0,0,0,25,14,80,299,159,219,50,96,20,210,0,18,271,0,0,0,23,0,0,101,101,0,65
下落合,187,0,22,0,0,44,124,151,320,339,386,160,275,44,215,49,0,18,0,339,0,0,0,0,0,0,86
中井,188,0,0,56,132,86,234,108,261,430,338,445,154,137,92,231,216,285,370,110,0,0,0,0,0,0,122
新井薬師前,189,0,23,0,0,65,81,357,80,296,222,198,235,60,0,25,0,216,0,58,175,0,0,0,0,0,0
沼袋,190,23,0,0,44,114,734,383,254,334,278,688,923,319,86,115,21,104,84,48,0,0,0,0,91,25,22
野方,191,38,0,67,464,285,160,183,348,402,423,298,397,39,30,30,23,337,493,0,0,29,0,0,0,0,15
都立家政,192,0,0,26,77,67,384,1231,401,566,369,435,299,63,0,0,32,261,0,0,0,0,23,0,156,0,42
鷺ノ宮,193,70,0,112,19,360,594,1174,2228,2029,988,919,484,790,1368,144,105,179,485,0,486,0,53,0,37,0,714
下井草,194,0,0,67,350,102,212,692,253,923,120,535,384,165,18,49,230,0,154,0,0,19,0,31,0,0,312
井荻,195,0,0,50,99,183,128,571,587,476,599,664,37,71,161,298,110,0,0,0,0,22,19,0,0,0,0
上井草,196,29,40,178,106,73,108,503,339,487,546,257,268,0,76,35,0,0,0,56,0,0,0,0,0,0,0
上石神井,197,0,286,151,1393,819,1173,893,2375,1627,2115,1082,896,497,372,92,276,106,712,175,125,0,0,0,0,101,525
武蔵関,198,200,28,118,133,380,342,571,1048,1093,822,527,351,114,85,45,338,24,0,0,0,0,0,0,0,0,159
東伏見,199,0,50,43,189,179,380,1019,402,453,422,386,176,109,36,0,173,0,0,0,0,0,0,26,0,0,362
西武柳沢,200,0,0,358,296,130,152,871,608,645,206,473,22,41,0,59,28,0,17,23,34,0,0,0,36,0,275
田無,201,320,572,203,1433,2480,3465,3873,2703,2123,3260,2189,1101,712,515,399,235,579,393,339,0,15,0,0,33,0,1021
花小金井,202,92,88,1255,688,1598,1506,3492,3537,3359,1871,1242,1191,785,347,68,450,193,448,34,30,27,0,20,0,200,593
小平,203,193,212,684,1941,3056,3369,7551,4788,10731,4175,3452,1329,626,277,415,322,789,524,24,374,147,935,0,195,157,876
久米川,204,129,128,98,283,830,631,775,1245,1200,617,322,119,71,27,0,0,88,60,36,0,0,0,34,34,22,95
東村山,205,182,395,189,610,1285,3305,3681,3996,4761,5416,1112,1815,1222,252,370,300,937,249,302,547,95,81,26,144,161,703
西武園,206,0,0,32,44,226,139,54,52,32,230,0,62,86,0,0,0,0,0,0,0,0,0,0,0,0,0
萩山,207,0,50,181,244,1016,898,1634,1768,2462,1484,701,315,142,156,125,0,256,234,251,17,0,0,0,0,0,683
小川,208,133,266,524,417,1572,1631,1124,2434,2049,1708,1124,193,208,119,134,472,0,296,0,105,0,0,0,0,0,46
東大和市,209,0,262,87,394,384,716,743,643,413,460,26,18,116,136,104,0,0,0,0,0,0,0,195,0,0,19
玉川上水,210,266,292,444,897,3055,1945,2103,4005,772,1852,1004,704,106,191,383,285,107,320,0,0,0,0,0,0,0,177
武蔵砂川,211,0,123,157,218,17,1130,48,1060,331,305,44,0,44,17,44,0,0,0,0,22,205,0,0,0,0,22
西武立川,212,0,111,50,163,113,80,690,41,623,43,32,28,28,0,0,0,0,0,0,0,280,0,0,0,0,0
一橋学園,213,26,0,140,399,192,789,717,653,584,725,290,239,235,250,0,0,0,0,0,0,234,177,271,0,0,33
青梅街道,214,0,51,47,0,84,217,0,90,41,126,107,40,72,0,0,0,0,0,0,0,0,0,0,0,0,0
八坂,215,0,0,32,0,85,292,225,235,27,278,204,19,45,0,0,0,0,0,0,0,0,0,0,0,0,0
武蔵大和,216,0,0,171,291,271,920,460,363,81,103,0,0,0,85,0,29,0,0,0,0,0,0,0,0,52,46
西武遊園地,217,0,0,0,333,120,183,166,185,0,55,58,83,0,0,0,214,18,0,0,0,0,0,0,0,0,0
恋ケ窪,218,0,0,0,135,166,313,631,436,184,345,162,41,0,57,57,28,0,0,0,21,0,0,0,0,0,29
鷹の台,219,64,80,102,454,605,380,659,549,912,402,180,219,64,35,43,0,0,70,0,0,171,0,0,0,72,169
新小金井,220,0,0,50,120,0,79,87,184,40,0,50,0,0,34,0,0,0,0,0,0,0,0,0,0,0,0
多磨,221,169,0,41,325,0,655,584,321,239,161,241,0,35,50,0,0,0,0,0,0,34,0,0,0,0,0
白糸台,222,0,0,0,0,0,90,1323,50,25,0,0,0,16,69,0,0,0,0,0,0,0,0,0,0,0,0
競艇場前,223,0,0,0,0,32,135,0,38,100,123,64,0,0,340,0,0,0,0,0,0,0,0,0,0,0,0
是政,224,0,0,39,139,100,50,118,334,686,100,47,50,50,52,41,0,0,0,0,0,0,0,0,0,0,0
京成上野,225,0,0,0,0,32,151,80,108,80,0,90,65,6,0,0,0,0,0,108,0,0,0,0,0,0,75
新三河島,226,0,0,0,50,50,0,57,35,66,78,0,0,0,0,0,0,50,0,0,0,0,0,0,0,0,0
町屋,227,176,0,129,267,443,548,1639,1935,1446,1779,1101,839,613,492,163,416,0,0,50,0,0,0,128,26,0,93
千住大橋,228,0,0,49,84,0,0,289,376,299,441,67,172,56,73,232,102,0,0,33,0,0,0,0,0,0,0
京成関屋,229,34,109,0,51,214,155,187,370,647,425,835,361,0,0,0,0,0,0,0,29,29,0,0,0,0,367
堀切菖蒲園,230,192,47,32,117,1487,272,916,1010,888,714,375,437,507,608,395,0,0,0,255,0,0,0,0,0,0,220
お花茶屋,231,0,0,193,315,166,246,1302,628,1342,599,268,142,228,96,113,0,32,0,0,0,73,0,0,0,0,398
青砥,232,477,870,1170,2396,3251,7147,8949,11917,12005,11968,8143,4647,4324,1605,1595,1607,846,679,207,197,207,166,0,164,564,3123
京成高砂,233,483,306,655,1113,2781,5022,7920,7087,8550,6390,4252,3249,1554,1128,1096,1073,209,0,65,70,10,0,58,358,1143,858
京成小岩,234,37,0,171,203,240,530,431,1061,473,309,364,0,30,0,77,56,115,0,0,27,0,0,0,0,0,0
江戸川,235,0,0,12,545,201,469,55,0,74,32,0,0,0,0,0,0,0,0,0,0,0,0,0,0,0,0
京成曳舟,236,0,0,31,111,157,435,168,447,695,386,604,128,185,195,48,0,0,0,0,0,0,21,46,0,0,114
八広,237,117,0,0,24,226,101,0,83,369,226,0,48,0,14,0,88,108,0,0,41,0,0,0,0,0,858
四ツ木,238,382,52,17,440,679,765,1774,1002,872,496,327,266,434,169,0,35,316,0,0,0,0,48,16,0,0,78
京成立石,239,72,72,78,293,351,462,727,615,907,1057,869,254,175,89,248,104,79,19,100,18,36,19,58,0,0,599
柴又,240,0,163,0,0,162,740,604,1375,231,119,0,0,0,160,0,0,0,0,0,0,0,0,0,0,0,130
京成金町,241,0,0,57,121,532,461,1072,423,568,605,424,195,110,0,79,24,0,0,0,0,0,0,0,593,0,0
笹塚,242,122,122,124,270,870,2152,2536,3745,5557,5445,4591,3537,3636,3056,2188,1383,976,781,384,299,87,389,203,161,36,2246
代田橋,243,54,0,0,33,55,170,352,341,598,1011,507,227,607,53,38,101,145,0,0,31,0,50,0,0,0,0
明大前,244,246,121,228,815,2240,3411,6586,9346,10510,9730,8893,6624,4036,2524,2146,2343,2146,2369,1910,465,753,445,614,1636,966,3604
下高井戸,245,0,0,63,105,239,450,2122,1643,2301,1004,1082,893,579,549,525,431,344,112,89,161,17,52,237,17,45,490
桜上水,246,111,14,0,415,621,833,1073,1641,2115,1562,894,647,467,431,354,392,265,165,251,0,0,0,0,0,78,376
上北沢,247,57,0,0,207,243,368,359,486,392,893,417,422,324,70,23,0,0,0,24,24,0,0,0,0,21,35
八幡山,248,18,0,0,173,223,328,498,622,1020,1800,639,571,141,350,154,556,0,0,22,30,0,29,0,17,0,71
芦花公園,249,16,0,25,126,245,470,467,506,479,750,265,258,252,160,116,27,37,54,11,46,0,0,24,24,0,60
千歳烏山,250,73,109,243,506,1027,1804,2520,2783,3432,3563,2357,1919,1140,655,548,50,156,404,11,65,67,74,28,317,225,444
仙川,251,0,0,94,145,452,1372,2309,1211,2191,1053,802,959,283,564,242,215,275,90,122,35,0,36,0,0,403,698
つつじケ丘,252,182,82,249,537,1186,3575,4198,4772,3563,2855,2885,2667,845,827,487,558,343,349,57,0,0,93,15,100,336,849
柴崎,253,14,11,44,371,354,1087,509,872,481,339,783,443,367,108,278,89,14,0,0,0,21,0,116,0,44,334
国領,254,127,36,235,293,1042,1207,1032,2342,1996,733,628,723,254,147,387,0,0,53,0,20,0,88,100,0,46,61
布田,255,0,0,89,70,394,205,510,278,406,893,204,0,33,0,212,0,0,0,0,0,0,0,0,0,0,133
調布,256,270,132,805,2519,3815,8058,10047,11400,12344,9793,9108,4657,3505,2728,2111,1232,1518,2551,1353,663,484,261,477,343,764,3401
西調布,257,83,39,148,262,285,764,699,574,279,1019,135,789,170,96,15,94,71,160,0,0,0,13,0,0,0,21
飛田給,258,0,37,0,195,438,168,780,493,304,330,245,196,131,19,133,67,28,28,0,0,114,0,38,0,0,82
武蔵野台,259,20,56,57,351,134,365,1256,1140,482,390,792,433,368,116,101,13,0,214,0,54,0,0,0,0,0,0
多磨霊園,260,0,37,185,185,295,163,518,672,1169,81,134,37,59,171,171,75,0,0,0,0,157,0,0,0,0,0
東府中,261,117,0,173,473,298,784,553,983,582,873,573,113,216,282,18,0,0,65,0,0,0,0,0,0,0,0
府中,262,56,83,345,1091,1099,960,1973,1977,3924,3701,1003,484,292,484,259,187,199,90,240,52,13,166,40,27,23,459
中河原,263,0,17,80,470,1063,450,710,1608,1061,504,504,228,423,92,85,43,88,0,0,0,45,0,0,0,17,603
聖蹟桜ケ丘,264,33,142,369,603,1167,3279,2109,1208,2046,2116,791,657,245,255,180,380,224,37,0,0,87,0,0,0,0,632
百草園,265,69,14,134,160,320,205,564,225,124,853,337,36,74,92,54,35,0,0,0,0,0,0,28,0,0,108
高幡不動,266,25,112,339,588,1149,2189,2809,2651,2748,1861,1239,1068,936,661,1225,278,226,96,277,1886,600,423,181,194,199,758
南平,267,9,64,45,97,293,287,323,859,257,124,29,144,96,0,0,0,0,0,0,60,60,0,0,0,0,192
平山城址公園,268,33,92,219,197,124,230,149,125,68,260,128,18,301,20,72,21,129,27,0,0,0,0,0,0,0,256
長沼,269,19,126,16,38,88,324,51,137,155,26,43,43,9,271,262,0,0,0,0,21,0,0,0,0,0,0
北野,270,22,351,582,1502,1696,2812,3946,3469,2497,3679,3642,2424,614,647,842,592,380,847,103,457,297,125,190,65,0,300
京王八王子,271,60,77,141,1563,998,1368,339,1019,1120,432,530,1033,285,0,329,287,0,31,31,0,0,0,0,0,54,255
初台,272,50,0,50,74,87,362,660,1760,657,531,422,482,102,245,459,184,307,203,279,0,0,0,0,0,47,50
幡ケ谷,273,49,0,0,136,144,749,592,1315,574,416,622,489,335,344,47,0,0,0,231,0,137,0,731,0,0,61
京王多摩川,274,0,38,72,43,96,409,800,633,639,506,191,21,79,99,29,0,17,83,103,0,0,0,0,0,0,94
京王よみうりランド,275,0,38,61,57,156,133,317,623,257,18,216,244,2,150,58,0,163,26,0,21,0,0,0,0,0,124
稲城,276,0,0,103,174,636,776,1741,899,413,554,659,33,148,84,14,0,0,0,0,0,0,0,0,0,131,68
京王永山,277,110,126,194,618,1444,1121,621,984,2784,1756,826,635,391,222,154,41,54,20,0,156,150,0,0,19,0,434
京王多摩センター,278,69,37,140,738,805,1184,959,2073,1193,1217,578,1111,355,274,258,93,184,16,53,382,16,16,23,27,149,246
京王堀之内,279,105,94,206,730,1271,882,687,1344,1466,271,541,156,228,107,0,0,128,35,0,0,16,16,87,0,0,108
南大沢,280,192,188,262,747,1189,1479,1947,1565,973,1510,1127,1206,255,148,650,59,60,175,63,13,9,16,0,0,70,324
多摩境,281,94,0,158,318,327,398,432,333,270,393,262,120,0,307,134,23,251,251,0,0,0,0,0,0,0,106
府中競馬正門前,282,0,0,0,41,0,28,42,0,0,0,10,0,0,0,0,0,0,0,0,0,0,0,0,0,0,0
多摩動物公園,283,0,0,20,39,59,133,28,32,16,88,35,0,0,0,0,13,0,0,0,0,0,0,0,0,0,0
京王片倉,284,0,16,62,107,69,42,190,135,163,0,401,12,0,0,88,0,17,0,0,0,0,0,0,0,0,0
山田,285,0,38,6,152,61,191,203,0,90,38,169,0,0,0,0,0,0,0,0,0,0,0,0,0,0,0
めじろ台,286,0,94,455,392,1007,460,1912,724,946,188,251,21,50,180,0,29,0,0,0,0,0,0,0,0,0,16
狭間,287,0,0,131,84,230,482,85,97,135,66,320,168,0,0,0,0,0,0,0,0,0,0,0,0,0,0
高尾山口,288,0,0,37,28,0,188,0,217,16,0,0,0,0,0,0,0,0,0,0,0,0,0,0,0,0,0
神泉,289,0,0,0,0,0,0,0,175,245,207,66,66,66,177,31,0,0,0,0,0,0,0,0,0,0,0
駒場東大前,290,0,18,0,20,89,400,200,239,247,531,288,445,164,95,243,48,0,36,0,0,0,0,0,0,0,196
池ノ上,291,0,0,0,0,49,136,288,387,241,320,223,94,274,178,81,81,23,22,0,23,0,0,0,0,0,0
下北沢,292,107,50,354,571,2301,3746,6561,6820,8188,8822,7525,7024,3736,2944,2252,1577,2908,1186,1249,248,218,134,0,1362,1408,2240
新代田,293,0,44,44,0,126,168,58,331,340,591,379,446,201,30,88,22,38,83,0,0,0,0,0,0,0,22
東松原,294,21,44,80,0,270,202,525,711,797,529,668,480,750,378,125,87,62,126,0,46,0,0,0,0,0,22
永福町,295,37,29,69,0,601,933,868,915,1276,1056,955,919,389,651,358,44,182,269,419,188,37,0,0,146,0,377
西永福,296,21,32,0,347,573,559,578,674,628,851,769,652,365,487,239,127,351,270,39,0,49,0,0,204,22,36
浜田山,297,0,0,0,193,525,943,1254,1345,1020,1122,890,758,511,393,222,63,21,59,32,54,61,61,0,0,0,54
高井戸,298,59,74,126,74,539,761,2655,1618,2424,1609,870,596,917,872,134,43,32,414,0,0,0,48,0,0,197,230
富士見ケ丘,299,0,0,39,59,352,602,1406,1333,1256,843,767,460,363,21,77,54,0,42,0,0,140,0,0,28,97,237
久我山,300,58,41,72,143,503,1135,1368,1053,1786,1607,1143,813,400,86,323,718,57,32,118,49,22,32,0,49,32,578
三鷹台,301,62,111,82,307,206,824,910,1759,1911,1823,1142,1461,482,156,32,64,220,434,278,0,0,0,197,164,22,87
井の頭公園,302,0,0,53,222,415,649,391,375,255,213,663,553,193,137,91,0,42,751,58,0,0,0,0,0,0,0
南新宿,303,0,0,0,0,0,0,0,0,0,0,0,0,0,0,0,0,0,0,0,0,0,0,0,0,0,0
参宮橋,304,0,0,21,79,0,24,0,24,238,242,112,144,119,26,0,24,0,0,0,0,0,0,0,0,0,0
代々木八幡,305,0,0,0,0,22,41,195,80,130,15,42,0,0,0,0,0,20,5,0,140,0,0,0,0,0,30
代々木上原,306,236,267,274,1504,3213,3374,7021,8269,10368,11188,9643,7582,5040,4639,3691,2222,1148,692,1053,672,1235,259,349,1186,665,2448
東北沢,307,0,0,0,0,0,0,0,0,0,59,36,22,22,0,0,181,23,0,0,0,0,0,0,0,0,0
世田谷代田,308,0,0,0,0,32,27,205,456,245,389,682,59,0,0,56,56,0,0,65,0,0,0,0,0,107,107
梅ケ丘,309,0,0,0,21,143,136,255,261,358,1089,784,340,126,458,0,0,0,0,0,0,0,0,0,0,0,61
豪徳寺,310,0,0,22,58,47,125,270,920,1258,555,417,74,54,21,358,449,15,0,58,84,0,0,0,0,0,50
経堂,311,152,40,92,707,460,1094,1170,2427,1794,1304,1464,1446,724,375,682,200,74,53,108,47,51,17,0,45,34,181
千歳船橋,312,69,29,42,126,475,1063,961,785,677,1732,1732,1354,1033,984,412,132,73,92,74,49,0,0,65,0,0,79
祖師ケ谷大蔵,313,0,67,317,378,328,340,833,1021,679,1062,1582,711,285,73,41,324,0,213,0,697,762,17,0,0,0,170
成城学園前,314,210,164,568,678,1307,1900,3035,4523,4836,2889,2543,1926,1174,992,1005,287,540,459,972,136,0,25,179,89,81,843
喜多見,315,0,0,261,338,318,428,676,778,769,457,552,60,173,154,137,0,47,70,38,18,38,0,0,0,33,56
狛江,316,0,97,86,270,395,924,1647,1848,2061,1490,603,543,509,489,47,328,0,357,371,268,0,0,36,0,68,199
和泉多摩川,317,0,0,153,368,125,237,676,702,464,297,357,680,56,35,68,37,147,0,0,0,0,0,0,0,39,0
鶴川,318,278,540,1330,808,1437,2000,3453,4310,2793,1521,1733,1369,512,377,181,96,57,114,96,53,237,294,246,271,92,206
玉川学園前,319,137,0,45,424,432,1052,1382,1962,1500,1147,850,670,275,212,141,236,436,168,446,78,0,0,12,19,66,290
小田急永山,320,0,0,252,27,56,72,584,673,650,255,822,131,150,105,0,101,0,17,0,60,0,0,0,0,0,131
小田急多摩センター,321,18,52,140,405,372,837,824,2114,1781,513,509,120,221,49,0,196,325,179,81,0,0,16,0,0,85,326
唐木田,322,0,22,16,266,836,301,453,676,140,411,142,25,153,37,29,0,0,0,0,0,0,0,0,0,0,0
代官山,323,0,0,0,0,0,0,21,21,0,95,0,56,0,18,0,0,98,0,0,0,0,0,0,0,0,0
中目黒,324,65,143,674,1076,2546,3549,8169,8031,6846,7702,8473,7403,5299,3234,2843,1998,946,581,621,179,194,139,190,174,247,988
祐天寺,325,141,0,140,157,46,831,692,635,550,317,405,809,264,45,211,117,47,70,0,0,0,0,0,0,0,0
学芸大学,326,58,39,166,329,540,680,1450,1759,1924,2174,1662,880,786,902,759,263,61,466,0,64,61,317,90,85,0,477
都立大学,327,114,112,0,137,592,787,1078,897,1901,1125,1658,928,461,894,212,28,439,338,175,122,45,110,65,0,53,486
自由が丘,328,331,406,324,939,2988,3948,6297,5929,7901,8938,7300,5540,3968,2569,2168,887,756,624,1000,655,522,293,535,646,120,3305
田園調布,329,0,0,0,365,511,545,403,640,601,473,786,428,173,371,117,77,0,0,124,0,46,0,0,0,0,68
多摩川,330,134,250,209,334,734,1948,2749,4872,3469,5019,2656,2553,2235,343,485,1074,315,306,618,41,185,91,55,0,0,398
不動前,331,44,0,0,41,205,221,142,226,513,550,391,142,321,175,0,0,0,117,87,13,0,0,0,155,0,91
武蔵小山,332,181,43,29,100,147,558,1225,413,525,1339,598,1229,391,475,387,101,223,0,0,255,0,50,50,0,0,263
西小山,333,0,30,43,305,776,375,788,534,1252,862,744,273,392,593,118,275,65,88,50,52,0,0,23,0,0,37
洗足,334,0,0,0,50,261,159,281,532,359,127,357,175,93,59,248,0,58,69,0,32,0,0,100,0,0,146
大岡山,335,45,0,159,162,461,771,895,1546,2051,2309,2834,1575,1876,634,468,296,0,303,72,189,426,0,341,241,0,314
奥沢,336,0,23,0,44,30,417,234,67,384,308,262,357,190,0,0,0,0,0,19,0,0,0,0,0,0,33
池尻大橋,337,168,0,58,208,301,457,1032,1141,731,1082,1932,781,398,631,203,339,244,120,104,0,179,0,0,0,37,315
三軒茶屋,338,241,36,179,468,1026,1113,3098,2703,2994,4350,3521,2620,1950,1670,829,1399,314,477,296,259,0,133,133,37,40,893
駒沢大学,339,219,36,37,551,1213,1303,773,1836,1084,1669,1669,1242,1446,840,795,567,434,188,75,101,0,43,36,28,65,513
桜新町,340,0,0,248,810,932,1802,1244,1302,1613,1733,1307,334,623,563,171,245,349,162,85,0,0,67,38,0,56,650
用賀,341,43,37,557,585,1030,1827,1403,1771,1715,2078,1015,632,1014,415,365,287,29,39,24,122,0,0,213,0,29,500
二子玉川,342,228,284,871,1893,3572,5492,8159,9660,10064,8894,6452,6036,3672,2688,2994,1179,1064,628,800,652,269,337,442,214,125,2468
つくし野,343,38,39,252,211,304,856,308,214,250,252,132,41,92,95,79,0,0,0,0,0,0,0,0,0,0,0
すずかけ台,344,0,0,116,141,161,332,200,120,164,72,39,51,0,0,28,0,0,129,0,0,0,0,0,0,0,40
南町田,345,78,39,463,582,666,451,599,334,353,205,241,146,183,106,0,98,33,33,0,0,0,0,0,174,174,149
下神明,346,0,0,0,19,22,65,0,81,148,156,0,263,36,0,0,0,0,0,0,0,0,0,0,0,0,0
戸越公園,347,32,0,24,92,29,305,903,421,274,170,69,16,20,0,240,0,0,0,0,0,0,152,0,0,0,0
中延,348,0,105,140,308,253,811,331,324,700,602,1076,440,79,178,40,41,65,0,55,0,0,0,0,199,0,22
荏原町,349,0,116,26,103,103,343,363,735,701,430,239,0,19,20,19,0,0,0,48,0,0,0,0,0,0,18
旗の台,350,45,41,29,187,296,808,705,1420,1517,1498,1268,1403,652,1026,345,182,103,50,0,39,0,38,79,0,0,631
北千束,351,0,0,32,16,60,212,85,0,104,458,434,109,127,88,55,0,0,56,0,0,0,0,0,0,0,53
緑が丘,352,45,0,0,64,64,64,99,293,373,467,352,215,0,26,137,0,0,0,0,0,0,0,0,0,0,55
九品仏,353,0,0,0,74,56,57,147,190,522,197,156,157,74,0,45,0,0,99,77,0,0,0,0,0,0,0
尾山台,354,0,67,74,88,38,589,628,760,490,570,827,364,466,117,0,45,0,151,0,114,0,0,45,45,0,0
等々力,355,71,0,176,968,479,484,666,726,780,795,264,328,176,185,45,0,0,0,0,0,0,45,45,0,0,0
上野毛,356,53,70,94,252,467,499,162,372,750,476,169,309,371,81,0,52,0,45,0,79,0,0,214,0,0,266
大崎広小路,357,0,0,0,0,0,0,0,28,28,0,0,0,0,0,0,0,0,0,0,0,0,0,0,0,0,28
戸越銀座,358,0,41,0,68,37,108,51,72,249,299,185,140,65,0,36,15,0,0,0,0,0,0,0,0,0,102
荏原中延,359,62,0,22,0,23,50,210,219,551,600,372,297,40,19,19,0,0,64,0,0,0,0,0,0,0,217
長原,360,66,23,0,105,88,294,526,571,584,555,449,164,253,256,24,44,31,31,0,0,0,44,44,0,0,17
洗足池,361,38,18,27,68,128,386,528,700,476,523,782,421,174,0,33,71,64,0,0,28,28,0,0,0,32,141
石川台,362,0,0,0,161,127,384,849,519,722,684,501,584,267,294,213,30,151,198,0,0,0,0,0,0,0,242
雪が谷大塚,363,0,0,38,132,196,237,590,412,1701,1082,629,335,257,59,22,19,19,118,86,0,31,0,0,0,0,207
御嶽山,364,0,0,20,77,0,80,845,973,470,674,596,128,216,11,0,0,24,64,0,0,316,142,0,0,0,526
久が原,365,0,0,0,25,494,691,670,1039,573,513,271,254,196,473,845,370,0,0,0,0,0,0,30,0,0,47
千鳥町,366,50,34,34,170,116,793,141,825,236,552,585,237,65,200,0,0,0,0,0,0,0,0,0,0,0,0
池上,367,0,75,50,559,479,420,650,1123,1033,735,547,118,256,242,59,94,18,181,111,0,0,0,0,22,0,425
蓮沼,368,0,0,107,0,34,57,926,182,256,239,219,49,0,0,0,0,0,29,0,0,0,0,0,0,186,216
沼部,369,67,67,50,100,69,140,86,182,360,116,170,45,0,107,0,52,29,55,0,0,189,55,55,0,0,0
鵜の木,370,35,35,73,187,180,574,1428,741,490,733,670,434,417,217,482,0,0,0,26,0,0,38,0,0,0,20
下丸子,371,0,0,0,0,182,376,922,1292,408,776,661,465,638,214,0,220,170,41,41,0,0,0,0,0,0,455
武蔵新田,372,0,99,38,308,397,450,421,643,991,333,346,557,284,125,122,68,115,620,592,0,0,0,0,0,0,1203
矢口渡,373,30,0,20,0,194,364,643,756,1112,903,653,219,440,124,167,135,26,55,42,0,0,104,0,0,0,774
西太子堂,374,0,0,0,0,0,23,23,0,0,0,0,0,0,0,0,0,112,0,0,0,0,0,0,0,0,0
若林,375,37,22,0,54,144,575,101,61,133,312,347,177,0,0,0,36,36,0,0,0,0,0,0,0,0,0
松陰神社前,376,0,0,0,0,0,131,114,64,146,325,155,42,108,23,98,0,0,0,0,0,0,36,0,0,0,33
世田谷,377,0,0,98,134,23,43,197,186,128,149,60,97,36,72,66,49,0,36,0,0,0,0,0,0,0,36
上町,378,0,0,0,18,212,411,85,185,304,195,102,164,198,288,144,129,0,0,0,0,0,70,0,0,0,25
宮の坂,379,0,0,0,74,59,28,36,375,399,112,125,55,0,0,101,0,0,0,0,0,36,0,0,0,0,50
山下,380,0,0,0,92,32,27,213,46,119,242,54,207,18,93,36,14,0,0,24,0,19,0,0,0,0,0
松原,381,0,0,0,17,0,13,203,134,121,137,0,26,30,30,0,71,0,0,0,0,0,52,0,12,12,0
泉岳寺,382,74,113,154,360,1199,2325,4522,5209,6511,8603,8524,5591,3803,3087,1823,1965,782,573,548,364,965,333,533,100,343,1334
北品川,383,0,0,0,0,38,293,148,36,54,64,16,26,0,0,0,0,0,32,0,0,0,67,0,0,0,28
新馬場,384,0,0,0,0,68,314,250,58,83,343,108,426,278,65,44,0,16,0,0,0,17,17,0,0,0,0
青物横丁,385,0,29,0,0,0,132,30,83,244,354,565,94,54,38,10,0,39,0,0,0,0,0,0,0,0,40
鮫洲,386,0,0,0,0,170,38,0,19,314,85,16,39,137,49,18,0,0,46,0,0,0,108,0,0,0,0
立会川,387,0,0,0,24,41,299,0,643,394,465,240,169,45,34,0,236,236,0,0,0,0,0,0,0,0,189
大森海岸,388,0,0,0,102,16,120,147,312,0,245,131,46,114,412,72,0,0,50,0,0,0,42,0,0,0,0
平和島,389,204,35,105,236,1030,1249,1500,1895,1931,1857,1094,923,718,864,192,270,0,191,0,0,0,0,218,0,0,215
大森町,390,0,272,0,74,20,281,413,840,511,341,833,419,243,195,96,159,0,0,0,0,41,0,0,0,0,58
梅屋敷,391,0,0,0,0,0,73,0,431,360,171,745,15,3,0,0,0,0,71,0,0,0,0,0,34,0,14
京急蒲田,392,84,341,103,664,653,1570,3884,3119,5335,5330,4541,3745,2501,1390,715,416,347,331,20,131,140,547,149,382,51,1319
雑色,393,154,45,32,597,661,556,275,718,1053,1333,705,274,180,353,71,111,0,67,0,0,0,19,19,0,0,113
六郷土手,394,232,0,0,84,189,169,374,139,812,377,353,94,58,226,15,31,0,0,0,79,20,0,34,0,0,0
糀谷,395,0,0,60,102,32,1291,1206,1199,289,157,810,698,522,90,0,11,19,0,0,0,41,0,0,126,0,0
大鳥居,396,0,43,13,61,40,144,191,450,303,585,479,429,203,93,130,35,35,0,0,0,0,25,0,0,0,294
穴守稲荷,397,26,26,0,0,225,71,325,334,143,174,109,0,25,114,0,0,124,0,21,0,0,0,0,0,0,0
天空橋,398,0,0,31,31,0,0,164,251,450,398,346,171,76,54,0,0,107,0,0,0,0,0,0,4,0,0
羽田空港国際線ターミナル,399,0,0,0,0,99,99,0,78,0,0,18,0,0,0,0,0,0,0,0,0,0,0,0,0,17,247
羽田空港国内線ターミナル,400,0,0,0,0,0,0,0,0,0,0,0,0,0,0,0,0,0,0,0,0,0,0,0,0,0,0
田原町,401,0,18,0,0,93,0,27,623,34,61,101,60,104,359,0,0,0,0,0,0,0,26,0,0,0,0
稲荷町,402,0,45,0,0,45,0,95,65,127,63,55,120,32,0,27,58,0,0,21,0,0,0,0,0,0,18
上野広小路,403,0,0,0,0,0,0,26,0,44,83,58,36,0,22,0,0,0,0,0,0,0,0,0,0,0,0
末広町,404,0,0,0,0,0,0,0,69,35,585,61,65,0,72,0,0,21,0,0,0,0,0,0,0,0,0
三越前,405,0,0,0,19,86,570,406,756,747,778,1017,971,728,562,19,63,59,43,32,78,21,0,0,0,0,180
日本橋,406,402,190,394,549,1652,2199,5747,10238,11797,10916,9479,10758,8427,5042,2822,2362,985,586,955,1006,401,470,99,55,0,597
京橋,407,0,0,0,0,0,0,99,26,0,0,130,56,34,34,0,0,0,0,0,0,0,0,0,0,0,77
銀座,408,59,0,0,144,275,376,1383,1739,2666,4010,4477,3608,2824,2828,2430,1600,1194,371,242,118,132,63,62,26,43,956
虎ノ門,409,0,0,32,0,0,90,90,124,0,58,151,0,0,0,13,13,0,0,0,16,0,0,0,0,0,71
溜池山王,410,41,96,315,32,83,96,307,602,1049,1086,1377,1100,851,472,778,424,304,150,155,69,175,172,0,0,0,547
赤坂見附,411,23,221,69,54,151,653,2368,3202,4525,5771,6688,6645,5034,4495,3890,2167,1234,983,901,388,300,83,52,111,38,431
青山一丁目,412,71,0,37,28,0,66,217,433,1564,2091,1571,1721,1188,851,593,310,147,25,90,64,65,78,0,0,0,243
外苑前,413,0,0,0,0,0,0,38,0,0,191,15,97,131,0,58,0,0,0,0,0,0,0,0,0,0,74
表参道,414,93,183,289,368,424,1235,2571,3830,5518,5960,7195,7023,5581,4080,3285,2014,1512,1013,788,247,482,418,130,208,129,1299
新大塚,415,0,0,0,67,111,98,70,233,61,51,208,34,141,17,20,0,0,25,0,0,0,0,0,0,0,63
茗荷谷,416,51,0,0,18,415,82,320,545,374,610,488,248,262,46,144,125,99,0,0,0,18,65,67,0,0,0
後楽園,417,0,28,72,0,26,54,342,537,690,1435,993,1507,1380,1146,70,153,237,193,146,106,0,0,0,0,56,627
本郷三丁目,418,0,0,0,0,99,432,507,48,140,90,328,232,158,356,524,95,58,0,0,0,0,0,0,33,0,101
淡路町,419,0,44,0,13,68,1105,83,515,938,1194,1529,1257,1849,803,273,188,224,282,293,0,0,72,0,225,0,65
大手町,420,474,89,249,312,1219,2101,4803,8600,9811,13957,15903,13172,8175,6317,3792,2681,1887,2051,1085,1065,304,84,133,115,469,2572
霞ケ関,421,448,281,364,2168,958,1934,1618,1945,2287,2772,3246,2977,3113,1800,1372,878,582,188,578,123,155,78,70,9,9,648
国会議事堂前,422,48,0,0,46,26,0,73,265,688,616,489,341,241,490,210,152,48,61,47,47,101,0,0,0,24,192
四谷三丁目,423,57,0,0,0,46,24,82,128,131,87,130,52,54,143,0,58,37,0,0,0,0,0,0,0,0,133
新宿御苑前,424,0,0,0,0,0,77,51,30,125,74,109,70,33,110,0,24,0,0,0,0,0,0,0,0,0,0
新宿三丁目,425,0,0,0,0,0,40,248,26,217,199,556,220,364,87,0,21,72,0,0,35,0,30,0,0,0,19
西新宿,426,21,0,37,0,0,28,59,24,215,0,0,56,100,0,0,0,0,0,0,0,0,0,0,0,0,0
中野坂上,427,84,37,141,147,274,2802,7105,6161,3836,7506,3879,2654,2244,1167,843,1061,331,60,1330,1484,160,0,24,0,123,811
新中野,428,0,0,0,0,96,91,289,300,144,206,228,499,281,398,126,203,129,50,128,0,0,0,0,0,0,39
東高円寺,429,0,0,21,151,25,142,108,523,355,350,138,194,189,232,115,71,0,0,52,25,25,0,16,0,0,131
新高円寺,430,0,0,91,29,80,595,800,289,459,738,126,106,37,81,89,98,52,33,345,42,0,33,17,198,198,86
南阿佐ケ谷,431,0,0,0,61,0,106,12,280,17,440,336,205,0,0,0,0,31,120,120,0,0,0,0,0,0,0
中野新橋,432,37,0,0,0,71,98,364,444,742,417,600,52,230,182,0,0,0,0,18,33,0,0,0,0,0,106
中野富士見町,433,47,0,0,24,331,3177,1721,761,480,212,397,299,101,16,376,0,0,0,0,33,0,0,0,0,0,101
方南町,434,0,0,15,32,173,471,920,684,541,369,402,399,105,226,62,289,60,31,0,127,30,0,0,123,0,118
三ノ輪,435,0,0,0,70,333,233,242,308,466,671,528,185,494,78,134,11,50,0,0,0,0,0,0,0,0,90
入谷,436,0,15,42,55,206,137,26,640,539,668,533,140,320,285,458,122,0,35,0,0,0,0,0,0,0,24
仲御徒町,437,0,0,0,0,0,55,127,48,788,218,16,145,73,97,28,0,0,0,74,0,0,17,0,0,0,0
小伝馬町,438,0,0,0,0,0,0,20,50,30,17,47,0,0,0,0,0,0,0,0,0,0,0,0,0,0,32
人形町,439,104,0,0,0,30,324,360,1173,676,2056,672,953,749,561,82,142,165,32,0,35,0,39,0,48,0,111
茅場町,440,121,232,222,180,721,1252,3735,4517,5121,7626,6817,6605,3776,1902,1687,1435,932,924,146,147,306,143,0,200,168,913
築地,441,0,107,107,0,0,0,188,113,15,109,268,209,301,38,20,0,0,21,21,0,0,0,0,0,0,39
東銀座,442,73,0,0,0,30,228,581,653,570,920,1038,688,1077,484,377,413,183,159,0,163,0,0,0,10,0,56
日比谷,443,81,36,96,115,326,2023,2813,3400,4743,6863,6917,5219,4526,4648,3176,2048,2039,805,505,647,432,226,42,226,281,1177
神谷町,444,0,0,0,0,0,0,38,0,0,0,0,45,0,30,0,30,0,0,0,0,0,0,0,0,0,79
六本木,445,0,0,0,0,195,590,801,179,243,118,208,584,230,406,107,93,47,30,0,75,0,0,0,0,45,12
広尾,446,0,0,0,0,24,122,145,119,198,228,40,179,51,65,23,45,22,25,75,0,0,0,0,0,0,37
落合,447,0,0,0,92,65,150,219,104,247,456,1037,396,171,403,63,21,0,0,0,0,0,0,0,0,0,24
早稲田,448,0,0,0,6,413,385,499,236,920,616,755,455,290,191,240,290,0,477,0,0,0,0,28,39,33,0
神楽坂,449,0,0,0,0,26,685,143,123,100,440,200,280,86,60,91,56,0,0,0,0,0,0,0,0,0,133
九段下,450,14,34,81,139,252,921,4700,4566,7670,7346,7881,8354,5875,4476,3043,3158,1856,1288,851,880,397,157,91,269,328,2277
竹橋,451,0,0,0,0,0,0,0,0,0,0,0,0,0,0,0,0,0,0,0,0,0,0,0,0,0,0
門前仲町,452,44,0,141,197,289,924,1876,1843,1772,1453,2487,1179,633,1126,562,157,102,145,0,0,19,60,0,0,0,157
木場,453,20,38,47,56,216,260,372,395,746,1063,161,280,95,189,249,146,138,0,0,0,0,0,0,0,164,152
東陽町,454,43,63,40,98,180,421,1224,633,1054,1057,668,540,449,216,281,45,308,65,93,30,0,55,0,0,0,150
南砂町,455,15,22,0,0,60,713,111,834,882,266,421,229,174,622,198,24,0,0,0,0,0,73,0,24,24,205
西葛西,456,142,152,338,828,1336,2947,3934,5862,3081,2423,2289,1790,1155,774,516,251,126,364,22,19,62,112,59,0,0,470
葛西,457,127,28,35,1028,2067,3770,3399,3566,3848,3638,3315,2284,586,1796,1372,401,105,215,191,75,68,59,45,26,26,888
千駄木,458,0,0,0,0,77,141,404,174,475,322,387,440,114,18,52,101,51,0,25,0,167,0,0,0,0,0
根津,459,0,0,0,59,0,78,172,35,306,494,716,233,0,137,0,109,0,27,0,119,0,0,0,0,0,137
湯島,460,0,0,0,0,0,0,26,26,76,0,134,77,13,0,191,168,87,196,379,0,0,0,0,12,0,0
新御茶ノ水,461,0,0,32,0,0,171,603,385,823,350,512,802,55,181,378,304,24,0,0,95,95,0,31,31,0,69
二重橋前,462,0,0,0,0,0,0,17,56,101,193,253,74,196,28,0,90,163,55,0,0,0,92,33,0,0,0
赤坂,463,0,0,0,0,0,0,0,0,56,0,22,102,0,0,0,0,0,0,0,0,0,0,0,0,0,39
乃木坂,464,0,0,0,0,48,166,0,38,90,96,97,120,0,0,0,26,0,0,0,0,0,0,0,0,342,371
明治神宮前,465,0,0,0,0,0,224,84,120,77,594,740,668,625,188,578,469,155,312,0,114,0,20,0,0,0,0
代々木公園,466,0,39,0,0,0,21,21,352,397,43,0,0,45,26,88,0,24,0,0,0,0,0,0,0,0,0
北綾瀬,467,15,0,0,510,222,766,430,1224,1136,205,99,381,197,0,82,110,124,0,0,0,0,0,0,0,0,0
地下鉄成増,468,72,0,68,263,914,783,1562,704,971,698,1043,505,407,212,101,59,24,0,0,0,0,0,0,34,78,447
地下鉄赤塚,469,28,0,137,99,125,529,1426,1164,1215,962,498,337,107,241,257,134,117,133,531,0,0,135,100,0,0,369
平和台,470,89,44,195,264,656,635,2760,1802,1579,1148,565,626,598,201,69,0,0,0,0,0,0,44,0,0,0,273
氷川台,471,69,79,63,34,215,495,1175,958,744,1218,886,556,290,207,250,279,39,15,18,34,0,46,0,0,0,265
千川,472,0,0,22,553,1154,321,776,556,646,975,446,820,271,189,59,0,22,0,22,68,0,0,0,0,26,136
要町,473,17,47,0,27,251,177,989,638,495,1358,724,239,299,256,83,63,19,17,85,0,0,0,0,97,0,0
東池袋,474,25,0,191,28,74,92,118,126,17,277,161,222,22,0,161,41,0,0,214,0,0,0,0,0,0,0
護国寺,475,0,25,0,90,703,736,243,210,208,196,680,175,207,110,25,37,0,0,0,44,0,0,0,0,0,0
江戸川橋,476,0,0,31,89,99,283,325,298,427,543,223,134,210,379,0,113,0,21,0,0,0,0,0,0,0,45
麹町,477,0,0,0,0,0,0,69,23,0,90,138,80,0,47,0,23,0,0,35,35,0,0,0,0,0,68
永田町,478,37,58,257,114,250,597,2266,2761,3507,3606,4131,4197,3069,2362,2620,1355,1268,774,595,459,461,342,99,93,70,1427
桜田門,479,0,0,0,0,0,0,0,0,0,0,0,0,0,0,0,0,0,0,0,0,0,0,0,0,0,0
銀座一丁目,480,0,0,0,0,0,0,31,23,154,0,141,0,0,0,132,0,0,0,0,0,0,0,0,0,0,19
新富町,481,0,0,0,0,0,34,147,168,867,436,211,200,168,0,0,0,24,9,0,0,0,0,0,0,0,24
月島,482,0,0,143,268,589,121,724,840,640,1098,801,735,434,98,398,735,191,0,137,27,0,0,0,266,266,204
豊洲,483,23,44,46,24,243,803,794,1139,1222,932,1207,607,349,459,78,139,46,27,440,155,0,0,21,25,213,241
辰巳,484,45,0,129,284,470,214,71,406,655,620,157,152,199,163,22,70,0,41,48,0,0,183,0,0,0,198
半蔵門,485,0,0,0,0,0,0,177,165,28,28,31,36,23,20,192,0,0,0,0,0,0,0,0,0,0,0
神保町,486,55,19,105,81,127,1050,2266,2512,1946,3583,2801,3506,2434,2395,2187,1954,1083,658,1123,611,458,50,0,140,131,1565
水天宮前,487,0,0,0,0,104,0,5,97,35,268,209,94,194,96,127,0,0,0,0,0,0,0,37,0,0,172
清澄白河,488,0,0,0,614,690,482,1769,947,1110,1136,925,923,514,202,119,0,617,589,530,0,0,0,0,0,30,73
住吉,489,0,0,0,0,230,527,822,984,506,1034,1274,858,171,65,218,0,32,0,42,30,63,0,0,0,0,103
白金台,490,0,0,0,0,14,0,0,676,126,364,364,53,0,0,0,0,0,0,0,0,0,0,0,0,0,66
白金高輪,491,0,0,0,0,132,93,151,148,420,269,1122,960,1647,1374,421,63,174,241,0,286,150,0,0,50,0,290
麻布十番,492,0,0,0,0,0,0,0,103,230,568,356,231,103,44,214,44,0,0,31,0,0,0,0,34,0,192
六本木一丁目,493,0,0,0,0,94,0,0,0,0,0,0,0,0,0,0,0,0,0,0,0,0,0,0,0,0,0
東大前,494,0,0,0,0,0,0,0,0,42,257,0,28,125,40,40,0,0,0,0,0,0,0,0,0,0,126
本駒込,495,0,0,0,27,29,55,233,48,109,69,0,0,0,65,0,0,32,0,0,0,0,0,0,0,0,48
西ケ原,496,0,0,0,0,115,42,127,287,72,48,133,36,78,0,0,48,0,0,0,48,0,0,0,0,0,0
王子神谷,497,37,72,105,82,147,589,924,265,201,513,645,382,219,264,28,136,72,0,0,48,48,238,0,0,0,229
志茂,498,0,0,77,39,0,93,143,168,257,158,179,81,0,88,0,144,0,0,0,0,0,0,0,0,0,0
赤羽岩淵,499,0,0,273,738,1622,2518,7910,5351,3427,3550,4816,2901,2111,542,901,38,81,33,41,159,33,31,0,0,0,2325
雑司が谷,500,0,0,0,0,0,0,0,0,0,0,0,0,0,0,0,0,0,0,0,0,0,0,0,0,0,0
西早稲田,501,0,0,0,0,0,0,0,0,0,0,0,0,0,0,0,0,0,0,0,0,0,0,0,0,0,0
東新宿,502,0,44,44,0,0,112,64,268,0,137,0,184,0,0,0,0,0,0,0,0,0,0,0,0,0,0
北参道,503,0,0,0,0,0,0,0,0,0,0,0,0,0,0,0,0,0,0,0,0,0,0,0,0,0,0
西馬込,504,50,19,19,524,261,1211,1812,1413,973,1597,1813,2072,648,268,102,109,167,0,19,22,0,0,0,0,0,42
馬込,505,40,0,42,67,68,1163,578,1135,884,574,619,238,87,63,192,150,0,0,87,0,15,37,42,0,0,71
戸越,506,106,91,0,0,0,312,467,67,108,299,564,120,0,28,162,173,32,31,0,0,0,0,0,0,0,159
高輪台,507,0,0,0,0,0,115,0,0,0,119,137,15,0,0,0,0,0,37,37,0,0,0,0,18,0,0
三田,508,41,0,0,109,1196,370,1339,1518,1668,1581,1835,1526,2247,1183,560,160,95,301,405,0,287,182,17,251,50,534
大門,509,186,59,0,0,255,346,645,415,978,1532,869,658,640,434,551,391,58,0,0,70,0,98,0,0,0,0
宝町,510,0,0,0,0,0,0,0,0,0,0,0,160,0,0,0,0,0,0,0,0,0,0,0,0,0,64
東日本橋,511,0,0,0,34,29,554,1286,1556,1393,1430,1133,1077,373,366,820,125,56,0,0,409,59,0,0,31,0,101
蔵前,512,0,0,0,0,99,313,157,153,442,743,351,283,240,106,53,0,112,77,77,0,0,0,0,216,0,39
本所吾妻橋,513,0,0,261,0,35,21,197,239,374,248,458,140,0,0,379,0,16,0,0,0,0,0,0,0,0,232
芝公園,514,0,0,0,0,0,0,0,53,34,14,49,41,370,370,0,0,0,0,0,0,0,0,0,0,0,0
御成門,515,0,0,0,0,0,0,0,0,0,0,60,0,0,234,0,0,0,0,0,0,0,0,0,0,0,0
内幸町,516,0,0,0,0,0,0,0,56,9,0,0,0,47,47,0,0,0,0,0,0,0,0,0,0,0,0
春日,517,0,56,0,60,126,68,324,256,1704,369,1008,1137,347,134,37,116,95,151,0,607,33,114,0,0,38,323
白山,518,54,82,0,0,436,0,257,140,135,539,243,451,260,526,486,453,0,145,0,409,0,30,0,0,0,51
千石,519,0,0,0,0,139,37,0,598,57,918,471,1060,148,80,0,0,37,45,56,37,0,0,0,0,0,85
西巣鴨,520,0,50,0,49,162,265,288,161,589,192,563,269,214,0,0,208,0,77,0,160,0,0,0,0,0,0
新板橋,521,0,0,0,0,0,0,208,59,154,439,1087,799,193,112,250,111,144,203,454,0,127,0,0,0,0,111
板橋区役所前,522,0,0,0,0,47,207,516,211,368,344,203,378,237,456,0,43,0,60,271,0,0,0,0,0,0,0
板橋本町,523,120,69,0,252,818,477,144,476,405,955,554,1797,870,487,130,100,42,0,0,0,0,172,0,0,0,181
本蓮沼,524,0,0,62,1242,371,423,0,307,221,248,477,563,383,0,69,0,97,0,105,0,0,65,0,22,0,0
志村坂上,525,52,25,193,21,93,83,418,369,545,739,699,180,117,72,15,70,96,0,0,77,15,0,0,0,0,0
志村三丁目,526,0,0,0,143,1474,419,209,1001,496,1688,672,702,491,355,101,36,95,110,0,113,113,48,0,99,15,147
蓮根,527,73,54,48,55,101,261,262,400,127,199,81,166,199,194,26,26,61,0,1045,0,0,0,16,40,0,0
西台,528,0,29,102,438,767,53,189,425,478,209,213,404,439,586,126,207,207,77,25,0,0,0,0,0,0,0
高島平,529,55,187,41,470,1319,1673,812,706,2417,1234,242,469,341,942,657,70,0,93,0,0,0,0,0,26,0,185
新高島平,530,48,52,0,184,19,100,405,22,276,269,304,149,58,58,50,97,0,0,45,0,0,0,0,0,0,0
西高島平,531,0,0,0,273,244,273,137,453,1645,276,137,0,234,234,0,0,301,0,0,0,51,0,0,0,0,0
曙橋,532,0,0,0,0,60,43,434,538,211,350,45,62,94,149,68,30,0,116,0,0,0,0,0,0,0,120
小川町,533,556,111,774,1131,1276,395,374,127,221,949,212,710,929,748,817,809,1165,1283,622,472,90,211,233,120,119,315
岩本町,534,0,0,0,0,86,223,588,332,397,647,306,358,168,127,163,469,0,0,0,0,0,0,0,0,0,18
馬喰横山,535,0,0,0,27,114,204,1600,326,869,916,1290,1320,1198,149,279,327,91,100,161,0,0,36,36,20,0,1312
浜町,536,0,0,0,0,0,0,0,15,37,17,0,0,0,0,0,0,0,0,0,0,0,0,0,0,0,62
森下,537,16,57,0,63,612,452,750,585,1197,2724,2397,1674,1842,157,410,11,90,20,142,272,192,0,0,0,0,68
菊川,538,0,0,0,0,321,321,183,159,203,283,232,200,93,150,0,38,0,0,19,0,0,0,0,0,0,62
西大島,539,91,0,47,834,963,380,394,516,675,163,281,187,39,405,117,55,0,0,195,0,0,0,0,0,0,29
大島,540,0,0,56,54,77,177,684,1815,1001,542,1142,182,246,62,118,17,24,97,97,29,0,0,0,0,0,225
東大島,541,52,31,148,182,849,1439,1059,1105,1267,1276,686,976,315,154,102,24,0,349,166,0,0,565,0,17,0,290
船堀,542,43,27,27,868,770,761,913,2444,1405,1910,1649,968,1385,327,498,1415,155,75,43,314,0,78,0,0,32,170
一之江,543,57,51,81,1895,1052,1690,473,1520,973,1698,1499,619,136,66,33,54,0,31,0,0,0,0,0,0,0,329
瑞江,544,100,0,77,433,282,1163,1111,1261,2047,3422,1260,1081,807,745,0,263,92,468,0,53,39,0,59,0,0,82
篠崎,545,0,0,208,93,1246,744,738,1184,941,1054,326,101,436,183,0,52,0,0,0,149,0,0,0,0,0,50
三ノ輪橋,546,0,0,0,0,0,0,0,0,0,0,0,0,0,0,0,0,0,0,0,0,0,0,0,0,0,0
荒川一中前,547,0,0,0,0,0,0,0,0,0,0,0,0,0,0,0,0,0,0,0,0,0,0,0,0,0,0
荒川区役所前,548,0,0,0,0,0,0,0,0,0,0,0,0,0,0,0,0,0,0,0,0,0,0,0,0,0,0
荒川二丁目,549,0,0,0,0,0,0,0,0,0,0,0,0,0,0,0,0,0,0,0,0,0,0,0,0,0,0
荒川七丁目,550,0,0,0,0,0,0,0,0,0,0,0,0,0,0,0,0,0,0,0,0,0,0,0,0,0,0
町屋駅前,551,0,0,0,0,0,0,0,0,0,0,0,0,0,0,0,0,0,0,0,0,0,0,0,0,0,0
町屋二丁目,552,0,0,0,0,0,0,0,0,0,0,0,0,0,0,0,0,0,0,0,0,0,0,0,0,0,0
東尾久三丁目,553,0,0,0,0,0,0,0,0,0,0,0,0,0,0,0,0,0,0,0,0,0,0,0,0,0,0
熊野前,554,0,0,0,0,0,0,0,0,0,0,0,0,0,0,0,0,0,0,0,0,0,0,0,0,0,0
宮ノ前,555,0,0,0,0,0,0,0,0,0,0,0,0,0,0,0,0,0,0,0,0,0,0,0,0,0,0
小台,556,0,0,0,0,0,0,0,0,0,0,0,0,0,0,0,0,0,0,0,0,0,0,0,0,0,0
荒川遊園地前,557,0,0,0,0,0,0,0,0,0,0,0,0,0,0,0,0,0,0,0,0,0,0,0,0,0,0
荒川車庫前,558,0,0,0,0,0,0,0,0,0,0,0,0,0,0,0,0,0,0,0,0,0,0,0,0,0,0
梶原,559,0,0,0,0,0,0,0,0,0,0,0,0,0,0,0,0,0,0,0,0,0,0,0,0,0,0
栄町,560,0,0,0,0,0,0,0,0,0,0,0,0,0,0,0,0,0,0,0,0,0,0,0,0,0,0
王子駅前,561,0,0,0,0,0,0,0,0,0,0,0,0,0,0,0,0,0,0,0,0,0,0,0,0,0,0
飛鳥山,562,0,0,0,0,0,0,0,0,0,0,0,0,0,0,0,0,0,0,0,0,0,0,0,0,0,0
滝野川一丁目,563,0,0,0,0,0,0,0,0,0,0,0,0,0,0,0,0,0,0,0,0,0,0,0,0,0,0
西ケ原四丁目,564,0,0,0,0,0,0,0,0,0,0,0,0,0,0,0,0,0,0,0,0,0,0,0,0,0,0
新庚申塚,565,0,0,0,0,0,0,0,0,0,0,0,0,0,0,0,0,0,0,0,0,0,0,0,0,0,0
庚申塚,566,0,0,0,0,0,0,0,0,0,0,0,0,0,0,0,0,0,0,0,0,0,0,0,0,0,0
巣鴨新田,567,0,0,0,0,0,0,0,0,0,0,0,0,0,0,0,0,0,0,0,0,0,0,0,0,0,0
大塚駅前,568,0,0,0,0,0,0,0,0,0,0,0,0,0,0,0,0,0,0,0,0,0,0,0,0,0,0
向原,569,0,0,0,0,0,0,0,0,0,0,0,0,0,0,0,0,0,0,0,0,0,0,0,0,0,0
東池袋四丁目,570,0,0,0,0,0,0,0,0,0,0,0,0,0,0,0,0,0,0,0,0,0,0,0,0,0,0
都電雑司ケ谷,571,0,0,0,0,0,0,0,0,0,0,0,0,0,0,0,0,0,0,0,0,0,0,0,0,0,0
鬼子母神前,572,0,0,0,0,0,0,0,0,0,0,0,0,0,0,0,0,0,0,0,0,0,0,0,0,0,0
学習院下,573,0,0,0,0,0,0,0,0,0,0,0,0,0,0,0,0,0,0,0,0,0,0,0,0,0,0
面影橋,574,0,0,0,0,0,0,0,0,0,0,0,0,0,0,0,0,0,0,0,0,0,0,0,0,0,0
赤土小学校前,575,0,0,0,0,0,0,0,0,0,0,0,0,0,0,0,0,0,0,0,0,0,0,0,0,0,0
足立小台,576,0,0,0,0,0,0,0,0,0,0,0,0,0,0,0,0,0,0,0,0,0,0,0,0,0,0
扇大橋,577,0,0,0,0,0,0,0,0,0,0,0,0,0,0,0,0,0,0,0,0,0,0,0,0,0,0
高野,578,0,0,0,0,0,0,0,0,0,0,0,0,0,0,0,0,0,0,0,0,0,0,0,0,0,0
江北,579,0,0,0,0,0,0,0,0,0,0,0,0,0,0,0,0,0,0,0,0,0,0,0,0,0,0
西新井大師西,580,0,0,0,0,0,0,0,0,0,0,0,0,0,0,0,0,0,0,0,0,0,0,0,0,0,0
谷在家,581,0,0,0,0,0,0,0,0,0,0,0,0,0,0,0,0,0,0,0,0,0,0,0,0,0,0
舎人公園,582,0,0,0,0,0,0,0,0,0,0,0,0,0,0,0,0,0,0,0,0,0,0,0,0,0,0
舎人,583,0,0,0,0,0,0,0,0,0,0,0,0,0,0,0,0,0,0,0,0,0,0,0,0,0,0
見沼代親水公園,584,0,0,0,0,0,0,0,0,0,0,0,0,0,0,0,0,0,0,0,0,0,0,0,0,0,0
新宿西口,585,0,0,0,0,13,344,1181,1036,1374,2160,3809,2079,1401,1050,446,735,274,334,388,534,38,65,38,168,103,323
若松河田,586,0,0,27,0,0,70,22,381,632,356,98,190,0,60,53,118,64,0,0,0,41,0,0,0,0,0
牛込柳町,587,0,0,0,44,0,70,0,0,32,96,0,39,0,0,0,0,0,0,0,62,0,0,0,0,0,0
牛込神楽坂,588,0,0,0,0,46,31,0,369,123,144,0,0,0,0,0,0,15,0,0,0,0,0,0,0,0,0
上野御徒町,589,213,0,27,0,103,291,587,1153,880,1294,1318,744,366,390,12,35,7,554,556,33,20,0,0,0,0,274
新御徒町,590,0,0,0,0,12,73,153,44,106,230,274,609,122,56,14,39,13,0,0,41,0,0,0,0,19,210
勝どき,591,0,0,0,29,17,91,88,194,40,100,23,0,241,0,0,0,498,0,0,0,19,53,0,0,0,0
築地市場,592,0,0,0,0,0,0,0,0,0,0,0,0,0,0,0,0,0,0,0,0,0,0,0,0,0,0
汐留,593,0,0,0,0,0,18,18,225,352,321,199,288,18,159,21,25,0,0,0,0,0,0,0,0,0,32
赤羽橋,594,0,0,0,0,37,71,0,0,83,244,224,78,0,17,0,0,0,0,0,0,0,0,0,0,0,0
国立競技場,595,0,0,0,0,0,0,0,68,50,0,0,0,0,0,0,0,0,0,0,0,0,0,0,0,0,0
都庁前,596,0,0,0,0,0,0,313,48,50,201,82,143,0,35,60,28,357,0,0,1186,0,0,0,0,0,0
西新宿五丁目,597,110,0,42,0,16,0,72,22,395,349,123,313,0,0,0,0,0,0,0,0,0,0,0,0,0,171
落合南長崎,598,0,0,59,0,0,86,0,1330,417,1404,575,68,326,0,0,0,0,441,242,144,0,0,171,0,0,59
新江古田,599,0,0,143,289,19,390,881,119,28,214,369,203,424,0,437,0,0,0,0,100,0,0,0,0,0,125
練馬春日町,600,0,39,54,415,71,232,513,697,434,394,472,246,0,31,374,106,21,0,0,0,0,0,0,0,0,0
光が丘,601,36,264,306,314,667,4008,2961,3038,4566,2677,1882,956,702,938,292,248,257,95,0,288,67,72,20,0,0,541
新柴又,602,27,0,0,162,58,128,0,0,169,176,0,0,0,0,23,0,0,0,0,0,0,0,0,0,0,0
天王洲アイル,603,0,0,0,0,0,112,102,0,185,433,159,421,71,68,294,211,0,0,0,49,0,0,0,0,0,178
大井競馬場前,604,0,152,258,79,94,231,80,231,712,361,16,68,61,237,349,87,13,0,0,0,0,0,358,0,0,218
流通センター,605,0,0,0,0,0,0,0,0,0,0,0,0,0,0,0,0,0,0,0,0,0,0,0,0,0,0
昭和島,606,0,0,0,0,0,0,0,0,17,0,137,52,0,0,0,30,0,0,0,0,0,0,0,25,0,0
整備場,607,0,0,0,0,0,0,0,0,0,0,0,0,0,0,0,0,0,0,0,0,0,0,0,0,0,0
羽田空港国際線ビル,608,0,0,0,0,0,0,0,0,0,0,0,0,0,0,0,0,0,0,0,0,0,0,0,0,0,0
新整備場,609,0,0,0,0,0,0,0,0,0,0,0,0,0,0,0,0,0,0,0,0,0,0,0,0,0,0
羽田空港第1ビル,610,0,0,0,0,0,0,0,0,0,0,0,0,0,0,0,0,0,0,0,0,0,0,0,0,0,0
羽田空港第2ビル,611,0,0,0,0,0,0,0,0,0,0,0,0,0,0,0,0,0,0,0,0,0,0,0,0,0,0
竹芝,612,0,0,0,0,0,0,0,0,0,0,0,0,0,0,0,0,0,0,0,0,0,0,0,0,0,0
日の出,613,0,0,0,0,0,0,0,226,249,12,0,0,0,0,0,0,0,0,0,0,0,0,0,0,0,0
芝浦ふ頭,614,0,0,0,0,0,0,0,0,0,63,226,0,0,0,0,0,0,0,0,0,0,0,0,0,0,0
お台場海浜公園,615,0,0,0,0,67,0,70,567,441,367,825,86,322,158,791,0,19,0,0,0,0,100,100,0,0,0
台場,616,0,0,0,0,0,0,0,0,0,0,0,346,0,87,87,0,0,0,0,99,0,0,0,0,0,0
船の科学館,617,0,0,0,0,0,0,0,0,0,0,0,0,4,4,8,8,0,69,0,0,0,0,0,0,0,89
テレコムセンター,618,0,0,0,0,0,0,0,0,0,0,0,0,0,37,0,0,0,0,0,0,0,0,0,0,0,0
青海,619,0,0,0,0,0,0,28,0,0,0,0,12,0,0,0,0,0,0,0,0,0,0,0,0,0,0
国際展示場正門,620,0,0,0,0,0,0,0,0,0,0,0,0,0,0,0,0,0,0,0,0,0,0,0,0,0,0
有明,621,0,0,0,0,0,0,0,109,138,29,29,0,0,75,75,0,0,0,0,0,0,0,0,0,0,0
有明テニスの森,622,0,0,0,0,0,0,0,0,0,0,0,0,0,0,0,0,0,0,0,0,0,0,0,0,0,0
市場前,623,0,0,0,0,0,0,0,0,0,0,0,0,0,0,0,0,0,0,0,0,0,0,0,0,0,0
新豊洲,624,0,0,0,0,0,0,0,0,0,0,0,0,0,0,0,0,0,0,0,0,0,0,0,0,0,0
東雲,625,0,0,0,0,0,0,58,88,369,239,97,116,0,0,0,0,0,0,0,0,0,0,0,0,285,0
国際展示場,626,0,0,0,0,0,64,28,0,0,0,0,54,0,0,0,0,0,0,0,210,210,0,0,0,0,28
東京テレポート,627,0,20,0,0,0,0,35,0,76,0,0,0,0,0,0,0,0,0,75,0,0,30,0,0,0,0
品川シーサイド,628,104,40,0,0,15,148,97,444,191,558,229,316,69,52,105,0,0,0,0,0,0,0,0,0,0,0
上北台,629,59,56,53,185,496,483,683,288,589,191,178,92,0,0,0,0,131,0,0,0,0,0,0,0,0,25
桜街道,630,0,56,84,111,145,146,282,212,175,17,72,56,0,0,0,0,0,0,0,0,0,0,0,0,0,64
砂川七番,631,0,27,0,0,22,28,184,206,213,90,43,71,0,0,0,0,0,0,0,0,0,0,0,0,0,0
泉体育館,632,0,0,0,28,28,57,304,297,218,195,0,0,0,0,0,0,0,0,0,0,0,0,0,0,0,184
立飛,633,0,0,0,0,0,34,0,0,0,0,0,0,0,0,0,0,0,0,0,0,0,0,0,0,0,0
高松,634,0,0,0,43,0,0,0,0,0,0,0,0,0,0,0,0,0,0,0,0,0,0,0,0,0,0
立川北,635,0,0,0,0,364,165,465,376,914,662,1572,401,288,566,0,128,51,431,253,16,0,82,0,0,0,408
立川南,636,0,0,0,64,27,242,248,514,572,341,648,173,391,178,230,24,135,0,135,191,0,0,0,0,151,67
柴崎体育館,637,0,0,0,0,252,343,262,0,0,15,71,0,0,0,0,0,0,0,0,0,0,0,0,0,0,0
甲州街道,638,0,0,0,136,95,741,519,479,96,28,40,28,56,28,0,0,0,0,0,0,0,0,0,0,0,0
万願寺,639,0,11,118,69,128,542,176,383,16,140,28,81,0,0,86,0,0,14,21,0,0,0,0,0,18,0
程久保,640,0,0,0,0,0,49,20,89,0,45,0,28,0,0,0,0,0,0,0,135,0,0,0,0,0,0
中央大学・明星大学,641,0,0,22,31,129,197,105,533,122,38,0,0,77,0,0,0,0,0,0,0,0,0,0,0,0,0
大塚・帝京大学,642,0,0,28,182,55,81,21,155,408,0,0,0,0,0,0,0,0,0,0,0,0,0,27,0,0,0
松が谷,643,0,52,135,0,28,39,161,84,82,0,0,46,0,0,0,0,0,0,0,0,0,0,0,0,0,0
多摩センター,644,64,0,21,259,234,415,298,864,706,472,484,393,1123,320,388,70,303,169,511,605,364,0,18,0,256,1105
青井,645,34,40,72,49,214,171,174,412,576,434,162,74,39,51,0,0,0,0,0,0,0,0,0,0,0,65
六町,646,131,38,0,70,278,506,260,290,662,297,205,45,14,0,0,19,0,0,0,16,0,0,0,0,0,0
清滝,647,0,0,0,0,0,0,0,0,0,0,0,0,0,0,0,0,0,0,0,0,0,0,0,0,0,0
高尾山,648,0,0,0,0,0,0,0,0,0,0,0,0,0,0,0,0,0,0,0,0,0,0,0,0,0,0
滝本,649,0,0,0,0,0,0,0,0,0,0,0,0,0,0,0,0,0,0,0,0,0,0,0,0,0,0
御岳山,650,0,0,0,0,0,0,0,0,0,0,0,0,0,0,0,0,0,0,0,0,0,0,0,0,0,0
